{
  "Total" : {
    "transaction" : "Total",
    "sampleCount" : 1467312,
    "errorCount" : 0,
    "errorPct" : 0.0,
    "meanResTime" : 306.70468175821145,
    "medianResTime" : 303.0,
    "minResTime" : 4.0,
    "maxResTime" : 1379.0,
    "pct1ResTime" : 310.0,
    "pct2ResTime" : 318.0,
    "pct3ResTime" : 420.0,
    "throughput" : 1629.7092692635767,
    "receivedKBytesPerSec" : 4381.130649110015,
    "sentKBytesPerSec" : 192.57306795009063
  },
  "HTTP Request" : {
    "transaction" : "HTTP Request",
    "sampleCount" : 1467312,
    "errorCount" : 0,
    "errorPct" : 0.0,
    "meanResTime" : 306.70468175821145,
    "medianResTime" : 303.0,
    "minResTime" : 4.0,
    "maxResTime" : 1379.0,
    "pct1ResTime" : 310.0,
    "pct2ResTime" : 318.0,
    "pct3ResTime" : 420.0,
    "throughput" : 1629.7092692635767,
    "receivedKBytesPerSec" : 4381.130649110015,
    "sentKBytesPerSec" : 192.57306795009063
  }
}