{
  "Total" : {
    "transaction" : "Total",
    "sampleCount" : 2728708,
    "errorCount" : 0,
    "errorPct" : 0.0,
    "meanResTime" : 164.9051756362277,
    "medianResTime" : 116.0,
    "minResTime" : 50.0,
    "maxResTime" : 1395.0,
    "pct1ResTime" : 285.0,
    "pct2ResTime" : 354.0,
    "pct3ResTime" : 474.9900000000016,
    "throughput" : 3030.147026162662,
    "receivedKBytesPerSec" : 6900.909244623939,
    "sentKBytesPerSec" : 358.05448258367386
  },
  "HTTP Request" : {
    "transaction" : "HTTP Request",
    "sampleCount" : 2728708,
    "errorCount" : 0,
    "errorPct" : 0.0,
    "meanResTime" : 164.9051756362277,
    "medianResTime" : 116.0,
    "minResTime" : 50.0,
    "maxResTime" : 1395.0,
    "pct1ResTime" : 285.0,
    "pct2ResTime" : 354.0,
    "pct3ResTime" : 474.9900000000016,
    "throughput" : 3030.147026162662,
    "receivedKBytesPerSec" : 6900.909244623939,
    "sentKBytesPerSec" : 358.05448258367386
  }
}